<?xml version="1.0" encoding="UTF-8" standalone="yes"?>
<reportPackage>
    <dataLevel>offline</dataLevel>
    <files>
        <file contentKey="SN3JGUWPNVCES7DCHEABPHBAPZMCZHSS" name="report" type="report">
            <links>
                <link href="/report.xml" method="GET" rel="content" type="application/vnd.sas.report.content" uri="/report.xml"/>
            </links>
        </file>
        <file contentKey="VOWBDH64RVGSBZPXUFBQEZN2HLNX2TZ6" name="basems1.css" type="css">
            <links>
                <link href="/css/basems1.css" method="GET" rel="content" type="text/css" uri="/css/basems1.css"/>
            </links>
        </file>
        <file contentKey="UWPJPS2DVSVNNPSRZZX7F2WZWZVSPXDR" name="theme-T3cb38ab1e49e4e4cb883c7dac86b3041.json" type="theme">
            <links>
                <link href="/css/theme-T3cb38ab1e49e4e4cb883c7dac86b3041.json" method="GET" rel="content" type="application/vnd.sas.theme.report.complete+json" uri="/css/theme-T3cb38ab1e49e4e4cb883c7dac86b3041.json"/>
            </links>
        </file>
        <file contentKey="IXNG6E77GGYYAX33BRF34GG4BDKOQHAG" name="highcontrast.css" type="css">
            <links>
                <link href="/css/highcontrast.css" method="GET" rel="content" type="text/css" uri="/css/highcontrast.css"/>
            </links>
        </file>
        <file contentKey="QJW3VQXDBKXN7NQKMVEQKI56JKPO5H5K" name="ms1.css" type="css">
            <links>
                <link href="/css/ms1.css" method="GET" rel="content" type="text/css" uri="/css/ms1.css"/>
            </links>
        </file>
        <file contentKey="OTXABEOJLEYRQOHAL6KAGTAVX3P5J353" name="dd1468.csv" type="data">
            <links>
                <link href="/data/dd1468.csv" method="GET" rel="content" type="text/csv" uri="/data/dd1468.csv"/>
            </links>
        </file>
        <file contentKey="2CQYXEA6PL4Z3AEFMNBZ62CW733HJ7RH" name="dd1468index.csv" type="data">
            <links>
                <link href="/data/dd1468index.csv" method="GET" rel="content" type="text/csv" uri="/data/dd1468index.csv"/>
            </links>
        </file>
        <file contentKey="YCNZ6RMUDUHPODOAHMQUE4KHEYIHOOKA" name="dd1514.csv" type="data">
            <links>
                <link href="/data/dd1514.csv" method="GET" rel="content" type="text/csv" uri="/data/dd1514.csv"/>
            </links>
        </file>
        <file contentKey="JRIFXVGR3UYB432JJRTUGHDAL7HSW7FI" name="dd1514index.csv" type="data">
            <links>
                <link href="/data/dd1514index.csv" method="GET" rel="content" type="text/csv" uri="/data/dd1514index.csv"/>
            </links>
        </file>
        <file contentKey="PJ3I4IH43UNIVPBQ34OFE7MRQHMMJLPN" name="dd431.csv" type="data">
            <links>
                <link href="/data/dd431.csv" method="GET" rel="content" type="text/csv" uri="/data/dd431.csv"/>
            </links>
        </file>
        <file contentKey="2CQYXEA6PL4Z3AEFMNBZ62CW733HJ7RH" name="dd431index.csv" type="data">
            <links>
                <link href="/data/dd431index.csv" method="GET" rel="content" type="text/csv" uri="/data/dd431index.csv"/>
            </links>
        </file>
        <file contentKey="XXC5NUSA2A7IEZBISEBK7E7D4PVEDG7C" name="dd1572.csv" type="data">
            <links>
                <link href="/data/dd1572.csv" method="GET" rel="content" type="text/csv" uri="/data/dd1572.csv"/>
            </links>
        </file>
        <file contentKey="KEJV4XHKMY36RTFFFD6PYS2YKO27TO3J" name="dd1572index.csv" type="data">
            <links>
                <link href="/data/dd1572index.csv" method="GET" rel="content" type="text/csv" uri="/data/dd1572index.csv"/>
            </links>
        </file>
        <file contentKey="AENPKPB677L3GN7OBEPPN263CYJNUWVN" name="dd1010.csv" type="data">
            <links>
                <link href="/data/dd1010.csv" method="GET" rel="content" type="text/csv" uri="/data/dd1010.csv"/>
            </links>
        </file>
        <file contentKey="KEJV4XHKMY36RTFFFD6PYS2YKO27TO3J" name="dd1010index.csv" type="data">
            <links>
                <link href="/data/dd1010index.csv" method="GET" rel="content" type="text/csv" uri="/data/dd1010index.csv"/>
            </links>
        </file>
        <file contentKey="2ORIIF3FKAH3CKLHEJFSG6VDI6BH4YN7" name="dd569.csv" type="data">
            <links>
                <link href="/data/dd569.csv" method="GET" rel="content" type="text/csv" uri="/data/dd569.csv"/>
            </links>
        </file>
        <file contentKey="2CQYXEA6PL4Z3AEFMNBZ62CW733HJ7RH" name="dd569index.csv" type="data">
            <links>
                <link href="/data/dd569index.csv" method="GET" rel="content" type="text/csv" uri="/data/dd569index.csv"/>
            </links>
        </file>
        <file contentKey="GWCQ6N2BMVQ47PCXIQCL3DY6UGVOZBI6" name="metadataSupplement" type="resource">
            <links>
                <link href="/metadataSupplement.xml" method="GET" rel="content" type="application/vnd.sas.report.metadata.supplement" uri="/metadataSupplement.xml"/>
            </links>
        </file>
        <file contentKey="SXTD2X4KAQNF76Z76C3EQTD5I6AOIFLQ" name="viyafonts.css" type="css">
            <links>
                <link href="/css/viyafonts.css" method="GET" rel="content" type="text/css" uri="/css/viyafonts.css"/>
            </links>
        </file>
        <file contentKey="XFOONS645BF4XEIR2JLONG6FCJOF4MNB" name="settings" type="resource">
            <links>
                <link href="/settings.json" method="GET" rel="content" type="application/vnd.sas.attributes" uri="/settings.json"/>
            </links>
        </file>
        <file contentKey="NTUARI2MWSDMRGCHUBILQVWVTUEJJPOR" name="packageStatusReport.txt" type="status">
            <links>
                <link href="/packageStatusReport.txt" method="GET" rel="content" type="text/plain" uri="/packageStatusReport.txt"/>
            </links>
        </file>
        <file contentKey="TXOS452EYKVLJGO5KIQO7RUJ3XWWXMJZ" name="index.html" type="html">
            <links>
                <link href="/index.html" method="GET" rel="content" type="text/html" uri="/index.html"/>
            </links>
        </file>
        <file contentKey="CMDYQJ2SOU2D2W3VZQ2MD32VX4FTVCV4" name="packageIndex.html" type="html">
            <links>
                <link href="/packageIndex.html" method="GET" rel="content" type="text/html" uri="/packageIndex.html"/>
            </links>
        </file>
    </files>
    <formatLocale>en-US</formatLocale>
    <generatedTimeStamp>2026-02-12T18:06:27.737Z</generatedTimeStamp>
    <id>o_5c3a51e6-2f77-44ce-abee-7d3fdfee5079</id>
    <links>
        <link href="/reportPackages/packages/o_5c3a51e6-2f77-44ce-abee-7d3fdfee5079" method="GET" rel="self" type="application/vnd.sas.report.package" uri="/reportPackages/packages/o_5c3a51e6-2f77-44ce-abee-7d3fdfee5079"/>
        <link href="/reportData/results?reportContentKey=RPYOUYOC45V3Y7CJ5F54RDH455TXBSXJ&amp;reportUri=%2Freports%2Freports%2F36fc122f-4aa3-4040-9b95-42f6aae41df7&amp;reportDate=2026-02-12T18%3A06%3A27.737Z" method="POST" rel="requery" responseType="application/vnd.sas.report.results" type="application/vnd.sas.report.query.state" uri="/reportData/results?reportContentKey=RPYOUYOC45V3Y7CJ5F54RDH455TXBSXJ&amp;reportUri=%2Freports%2Freports%2F36fc122f-4aa3-4040-9b95-42f6aae41df7&amp;reportDate=2026-02-12T18%3A06%3A27.737Z"/>
        <link href="/reportData/jobs?reportContentKey=RPYOUYOC45V3Y7CJ5F54RDH455TXBSXJ&amp;reportUri=%2Freports%2Freports%2F36fc122f-4aa3-4040-9b95-42f6aae41df7&amp;reportDate=2026-02-12T18%3A06%3A27.737Z" method="POST" rel="requeryJob" responseType="application/vnd.sas.report.data.job" type="application/vnd.sas.report.query.state" uri="/reportData/jobs?reportContentKey=RPYOUYOC45V3Y7CJ5F54RDH455TXBSXJ&amp;reportUri=%2Freports%2Freports%2F36fc122f-4aa3-4040-9b95-42f6aae41df7&amp;reportDate=2026-02-12T18%3A06%3A27.737Z"/>
    </links>
    <locale>en-US</locale>
    <modifiedTimeStamp>2026-02-12T18:05:58.119Z</modifiedTimeStamp>
    <size>2308017</size>
    <source>/reports/reports/36fc122f-4aa3-4040-9b95-42f6aae41df7</source>
    <version>64</version>
    <warnings>result,limitedInteractivity</warnings>
</reportPackage>
