{
  "id" : "T3cb38ab1e49e4e4cb883c7dac86b3041",
  "name" : "SWE THEME",
  "rootUrl" : "/themeContent/themes/T3cb38ab1e49e4e4cb883c7dac86b3041/content/",
  "version" : 4,
  "type" : "custom",
  "contentType" : "report",
  "baseThemeId" : "opal",
  "styleData" : {
    "@GraphConfidence2PaletteColor" : "#e7b9b9",
    "@GraphConfidencePaletteColor" : "#b9cfe7",
    "@GraphErrorPaletteColor" : "#9d2e14",
    "@GraphFit2PaletteColor" : "#111",
    "@GraphFitPaletteColor" : "#111",
    "@GraphOverflowPaletteColor" : "#b381f5",
    "@GraphPaletteColor1" : "#26B2B9",
    "@GraphPaletteColor2" : "#23469D",
    "@GraphPaletteColor3" : "#6EC5EF",
    "@GraphPaletteColor4" : "#37A6DE",
    "@GraphPaletteColor5" : "#292B6E",
    "@GraphPaletteColor6" : "#F2F2F2",
    "@GraphPaletteColor7" : "#15b57b",
    "@GraphPaletteColor8" : "#ff6fbd",
    "@GraphPredictionLimitsPaletteColor" : "#b9cfe7",
    "@GraphPredictionPaletteColor" : "#3d5aae",
    "@GraphUnderflowPaletteColor" : "#71e4da",
    "@alertColor" : "#BE1E2D",
    "@baseLineFontSize" : "100%",
    "@baseLineFontSizeCore" : "16px",
    "@fontFamilyOverride" : "~'\"AvenirNext\",'",
    "@graphColorRampMissingPaletteColor" : "#7e7b7a",
    "@informationColor" : "#016dba",
    "@kpiPaletteRange1" : "#BE1E2D",
    "@kpiPaletteRange3" : "#FFDD15",
    "@kpiPaletteRange5" : "#009345",
    "@neutralColorThemeDesigner" : "#768396",
    "@primaryColorThemeDesigner" : "#26B2B9",
    "@secondaryColorThemeDesigner" : "#23469D",
    "@successColor" : "#009345",
    "@warningColor" : "#FFDD15"
  },
  "lastModifiedTimeStamp" : 1767735489994,
  "sourceModifiedTimeStamp" : 1767735488153,
  "publishedTimeStamp" : 1767735489984,
  "published" : true,
  "defaultTheme" : false,
  "hidden" : false,
  "createdFrameworkVersion" : "13.2",
  "updatedFrameworkVersion" : "1.1.4",
  "reportStyleSheetPath" : "/sas/hc/graph/reportThemes/T3cb38ab1e49e4e4cb883c7dac86b3041/graph.css",
  "htmlStyleSheetPath" : "/sas/hc/graph/reportThemes/T3cb38ab1e49e4e4cb883c7dac86b3041/sas_report.css",
  "reportStyleSheetName" : "graph.css",
  "highContrastThemeId" : "highcontrast2020"
}