<?xml version="1.0" encoding="UTF-8" standalone="yes"?>
<reportPackage>
    <dataLevel>offline</dataLevel>
    <files>
        <file contentKey="K4YSH7SK2ESMQED2VI3QWYWXMQK2CA5S" name="report" type="report">
            <links>
                <link href="/report.xml" method="GET" rel="content" type="application/vnd.sas.report.content" uri="/report.xml"/>
            </links>
        </file>
        <file contentKey="HKZUGA2ZFBCXFCX34LGKE6XXBAK4TPPE" name="basems1.css" type="css">
            <links>
                <link href="/css/basems1.css" method="GET" rel="content" type="text/css" uri="/css/basems1.css"/>
            </links>
        </file>
        <file contentKey="ORJNASGE2EAK2NFK7C3MIGLCAKTPO4M2" name="highcontrast.css" type="css">
            <links>
                <link href="/css/highcontrast.css" method="GET" rel="content" type="text/css" uri="/css/highcontrast.css"/>
            </links>
        </file>
        <file contentKey="HKRRRDS3PJY446SFMC3FZCMI43ZLZ2F2" name="ms1.css" type="css">
            <links>
                <link href="/css/ms1.css" method="GET" rel="content" type="text/css" uri="/css/ms1.css"/>
            </links>
        </file>
        <file contentKey="2DSXHZSDEREDFCZ2K4SVDDIE5P4MBUV3" name="ve1167.png" source="/files/files/12af5534-69b4-4361-8921-99b38cb3a34b" type="image">
            <links>
                <link href="/image/ve1167.png" method="GET" rel="content" type="image/png" uri="/image/ve1167.png"/>
            </links>
        </file>
        <file contentKey="EAPODVL5LSVLG5JGCR3DB6F2AQWKRBIO" name="ve2719.png" source="/files/files/7e260ced-c2e1-4ef7-92e0-74d7f6a26d82" type="image">
            <links>
                <link href="/image/ve2719.png" method="GET" rel="content" type="image/png" uri="/image/ve2719.png"/>
            </links>
        </file>
        <file contentKey="SRJNSMU77WHAQ3C22IETSQATT53PCLJH" name="ve2721.png" source="/files/files/cf975aa2-5c76-4db4-8366-07648aee258f" type="image">
            <links>
                <link href="/image/ve2721.png" method="GET" rel="content" type="image/png" uri="/image/ve2721.png"/>
            </links>
        </file>
        <file contentKey="2DSXHZSDEREDFCZ2K4SVDDIE5P4MBUV3" name="ve3640.png" source="/files/files/0dfad5ad-05e3-424b-9c97-0c3642b3db09" type="image">
            <links>
                <link href="/image/ve3640.png" method="GET" rel="content" type="image/png" uri="/image/ve3640.png"/>
            </links>
        </file>
        <file contentKey="AOIRGJCFDGH6MF2GSXH2UJCKBYW3SR5Z" name="dd5220.csv" type="data">
            <links>
                <link href="/data/dd5220.csv" method="GET" rel="content" type="text/csv" uri="/data/dd5220.csv"/>
            </links>
        </file>
        <file contentKey="TPVS33IKXOX2NXWSQQ6W5M2DRSNZ4WCX" name="dd5220index.csv" type="data">
            <links>
                <link href="/data/dd5220index.csv" method="GET" rel="content" type="text/csv" uri="/data/dd5220index.csv"/>
            </links>
        </file>
        <file contentKey="7HHC5NQ6VWX2Z3RXBMLDVIHEYPF5J36N" name="dd1187.csv" type="data">
            <links>
                <link href="/data/dd1187.csv" method="GET" rel="content" type="text/csv" uri="/data/dd1187.csv"/>
            </links>
        </file>
        <file contentKey="FLVLLWQKPZ7ZOS2H4XXX7XSP5QGNGRWS" name="dd1187index.csv" type="data">
            <links>
                <link href="/data/dd1187index.csv" method="GET" rel="content" type="text/csv" uri="/data/dd1187index.csv"/>
            </links>
        </file>
        <file contentKey="ZJESITZI656MYWQBVVLX42KDGPVHYHYO" name="dd1193.csv" type="data">
            <links>
                <link href="/data/dd1193.csv" method="GET" rel="content" type="text/csv" uri="/data/dd1193.csv"/>
            </links>
        </file>
        <file contentKey="OE34HOCMI5RR3NNHY5PHS6VEO2SE5ISH" name="dd1193index.csv" type="data">
            <links>
                <link href="/data/dd1193index.csv" method="GET" rel="content" type="text/csv" uri="/data/dd1193index.csv"/>
            </links>
        </file>
        <file contentKey="WAIC675QEKIWRNNORXDBT5K6HJQ5WLLG" name="dd1233.csv" type="data">
            <links>
                <link href="/data/dd1233.csv" method="GET" rel="content" type="text/csv" uri="/data/dd1233.csv"/>
            </links>
        </file>
        <file contentKey="FLVLLWQKPZ7ZOS2H4XXX7XSP5QGNGRWS" name="dd1233index.csv" type="data">
            <links>
                <link href="/data/dd1233index.csv" method="GET" rel="content" type="text/csv" uri="/data/dd1233index.csv"/>
            </links>
        </file>
        <file contentKey="UGWTE6AZI32EVHLDD2ZF7XKDCF5VG5W6" name="dd3807.csv" type="data">
            <links>
                <link href="/data/dd3807.csv" method="GET" rel="content" type="text/csv" uri="/data/dd3807.csv"/>
            </links>
        </file>
        <file contentKey="OE34HOCMI5RR3NNHY5PHS6VEO2SE5ISH" name="dd3807index.csv" type="data">
            <links>
                <link href="/data/dd3807index.csv" method="GET" rel="content" type="text/csv" uri="/data/dd3807index.csv"/>
            </links>
        </file>
        <file contentKey="NIEEQROT3DQXQEJ4LCHMACTVRRW2EKAJ" name="dd3856.csv" type="data">
            <links>
                <link href="/data/dd3856.csv" method="GET" rel="content" type="text/csv" uri="/data/dd3856.csv"/>
            </links>
        </file>
        <file contentKey="OE34HOCMI5RR3NNHY5PHS6VEO2SE5ISH" name="dd3856index.csv" type="data">
            <links>
                <link href="/data/dd3856index.csv" method="GET" rel="content" type="text/csv" uri="/data/dd3856index.csv"/>
            </links>
        </file>
        <file contentKey="PW6EU3FPVG5IQWBTUMIM4XCYL6HNSNUS" name="dd3919.csv" type="data">
            <links>
                <link href="/data/dd3919.csv" method="GET" rel="content" type="text/csv" uri="/data/dd3919.csv"/>
            </links>
        </file>
        <file contentKey="OE34HOCMI5RR3NNHY5PHS6VEO2SE5ISH" name="dd3919index.csv" type="data">
            <links>
                <link href="/data/dd3919index.csv" method="GET" rel="content" type="text/csv" uri="/data/dd3919index.csv"/>
            </links>
        </file>
        <file contentKey="PMZFMEEWKKNYBK7I3XY4H52D3UHR35LD" name="dd3940.csv" type="data">
            <links>
                <link href="/data/dd3940.csv" method="GET" rel="content" type="text/csv" uri="/data/dd3940.csv"/>
            </links>
        </file>
        <file contentKey="OE34HOCMI5RR3NNHY5PHS6VEO2SE5ISH" name="dd3940index.csv" type="data">
            <links>
                <link href="/data/dd3940index.csv" method="GET" rel="content" type="text/csv" uri="/data/dd3940index.csv"/>
            </links>
        </file>
        <file contentKey="352NCUDXCKBBVDMZLPB2HCKXEODCVHVN" name="metadataSupplement" type="resource">
            <links>
                <link href="/metadataSupplement.xml" method="GET" rel="content" type="application/vnd.sas.report.metadata.supplement" uri="/metadataSupplement.xml"/>
            </links>
        </file>
        <file contentKey="2WZZY2TZUJCXLOTK3UAMLMYC64I7YYL2" name="viyafonts.css" type="css">
            <links>
                <link href="/css/viyafonts.css" method="GET" rel="content" type="text/css" uri="/css/viyafonts.css"/>
            </links>
        </file>
        <file contentKey="XFOONS645BF4XEIR2JLONG6FCJOF4MNB" name="settings" type="resource">
            <links>
                <link href="/settings.json" method="GET" rel="content" type="application/vnd.sas.attributes" uri="/settings.json"/>
            </links>
        </file>
        <file contentKey="6GGTIIUOQDP25WMT6XHNQ6I6FZF46BIC" name="packageStatusReport.txt" type="status">
            <links>
                <link href="/packageStatusReport.txt" method="GET" rel="content" type="text/plain" uri="/packageStatusReport.txt"/>
            </links>
        </file>
        <file contentKey="REZBLBI3O6BWPDZH3QHBMLLOFNXLVG45" name="index.html" type="html">
            <links>
                <link href="/index.html" method="GET" rel="content" type="text/html" uri="/index.html"/>
            </links>
        </file>
        <file contentKey="HUOGINQEKKDUWLZTQS2HN4O6QGTJLDS2" name="packageIndex.html" type="html">
            <links>
                <link href="/packageIndex.html" method="GET" rel="content" type="text/html" uri="/packageIndex.html"/>
            </links>
        </file>
    </files>
    <formatLocale>en-US</formatLocale>
    <generatedTimeStamp>2025-07-10T12:34:46.963Z</generatedTimeStamp>
    <id>c_56e2a9eb-5eaf-4e1a-9e16-626d5e8cc175</id>
    <links>
        <link href="/reportPackages/packages/c_56e2a9eb-5eaf-4e1a-9e16-626d5e8cc175" method="GET" rel="self" type="application/vnd.sas.report.package" uri="/reportPackages/packages/c_56e2a9eb-5eaf-4e1a-9e16-626d5e8cc175"/>
        <link href="/reportData/results?reportContentKey=MR4QLPXZDVHOBYOXURLQXCU332VL7DET" method="POST" rel="requery" responseType="application/vnd.sas.report.results" type="application/vnd.sas.report.query.state" uri="/reportData/results?reportContentKey=MR4QLPXZDVHOBYOXURLQXCU332VL7DET"/>
        <link href="/reportData/jobs?reportContentKey=MR4QLPXZDVHOBYOXURLQXCU332VL7DET" method="POST" rel="requeryJob" responseType="application/vnd.sas.report.data.job" type="application/vnd.sas.report.query.state" uri="/reportData/jobs?reportContentKey=MR4QLPXZDVHOBYOXURLQXCU332VL7DET"/>
    </links>
    <locale>en-US</locale>
    <modifiedTimeStamp>2025-07-10T12:31:59Z</modifiedTimeStamp>
    <reportElements>vi3659,vi1239,vi2680,vi4763</reportElements>
    <size>1172564</size>
    <source>JSON:/reports/reports/0094a81e-4910-4b52-9e78-5bde8c985705</source>
    <version>58</version>
    <warnings>result,limitedInteractivity</warnings>
</reportPackage>
