<?xml version="1.0" encoding="UTF-8" standalone="yes"?>
<reportPackage>
    <dataLevel>offline</dataLevel>
    <files>
        <file contentKey="QRU6TJT74NYYHBIVM6JGRFOSYMAHA6XC" name="report" type="report">
            <links>
                <link href="/report.xml" method="GET" rel="content" type="application/vnd.sas.report.content" uri="/report.xml"/>
            </links>
        </file>
        <file contentKey="HKZUGA2ZFBCXFCX34LGKE6XXBAK4TPPE" name="basems1.css" type="css">
            <links>
                <link href="/css/basems1.css" method="GET" rel="content" type="text/css" uri="/css/basems1.css"/>
            </links>
        </file>
        <file contentKey="ORJNASGE2EAK2NFK7C3MIGLCAKTPO4M2" name="highcontrast.css" type="css">
            <links>
                <link href="/css/highcontrast.css" method="GET" rel="content" type="text/css" uri="/css/highcontrast.css"/>
            </links>
        </file>
        <file contentKey="ZTH3VKIPCIUWEYRKHLBKBTQKHGX4LGCD" name="ms1.css" type="css">
            <links>
                <link href="/css/ms1.css" method="GET" rel="content" type="text/css" uri="/css/ms1.css"/>
            </links>
        </file>
        <file contentKey="2DSXHZSDEREDFCZ2K4SVDDIE5P4MBUV3" name="ve85.png" source="/files/files/7f1f3814-853c-47bd-8930-4e7d9a6e0a83" type="image">
            <links>
                <link href="/image/ve85.png" method="GET" rel="content" type="image/png" uri="/image/ve85.png"/>
            </links>
        </file>
        <file contentKey="62QW665NLUHO5SGA4EEGT4C5VW74WWWU" name="dd193.csv" type="data">
            <links>
                <link href="/data/dd193.csv" method="GET" rel="content" type="text/csv" uri="/data/dd193.csv"/>
            </links>
        </file>
        <file contentKey="HDTMBTWT2YRGZD3VPVVYZPSCJBI5CLVG" name="dd193index.csv" type="data">
            <links>
                <link href="/data/dd193index.csv" method="GET" rel="content" type="text/csv" uri="/data/dd193index.csv"/>
            </links>
        </file>
        <file contentKey="6MC4ZTQAHKFOTARW2QMJJDHZRFY2UXIS" name="dd205.csv" type="data">
            <links>
                <link href="/data/dd205.csv" method="GET" rel="content" type="text/csv" uri="/data/dd205.csv"/>
            </links>
        </file>
        <file contentKey="HDTMBTWT2YRGZD3VPVVYZPSCJBI5CLVG" name="dd205index.csv" type="data">
            <links>
                <link href="/data/dd205index.csv" method="GET" rel="content" type="text/csv" uri="/data/dd205index.csv"/>
            </links>
        </file>
        <file contentKey="YJZPMAAMBPJ5SKAWJPEZM2JSMO4ILBTR" name="metadataSupplement" type="resource">
            <links>
                <link href="/metadataSupplement.xml" method="GET" rel="content" type="application/vnd.sas.report.metadata.supplement" uri="/metadataSupplement.xml"/>
            </links>
        </file>
        <file contentKey="OODMEECZUGUSM5GADNLF3OTKPIVAFHCY" name="viyafonts.css" type="css">
            <links>
                <link href="/css/viyafonts.css" method="GET" rel="content" type="text/css" uri="/css/viyafonts.css"/>
            </links>
        </file>
        <file contentKey="XFOONS645BF4XEIR2JLONG6FCJOF4MNB" name="settings" type="resource">
            <links>
                <link href="/settings.json" method="GET" rel="content" type="application/vnd.sas.attributes" uri="/settings.json"/>
            </links>
        </file>
        <file contentKey="TXOS452EYKVLJGO5KIQO7RUJ3XWWXMJZ" name="index.html" type="html">
            <links>
                <link href="/index.html" method="GET" rel="content" type="text/html" uri="/index.html"/>
            </links>
        </file>
        <file contentKey="THFOUT5WOXBDKTO2W2Q37V4XDQX3ALKB" name="packageIndex.html" type="html">
            <links>
                <link href="/packageIndex.html" method="GET" rel="content" type="text/html" uri="/packageIndex.html"/>
            </links>
        </file>
    </files>
    <formatLocale>en-US</formatLocale>
    <generatedTimeStamp>2025-09-02T11:18:18.021Z</generatedTimeStamp>
    <id>o_32c5311e-cfdc-484b-8572-45b2ee2c4790</id>
    <links>
        <link href="/reportPackages/packages/o_32c5311e-cfdc-484b-8572-45b2ee2c4790" method="GET" rel="self" type="application/vnd.sas.report.package" uri="/reportPackages/packages/o_32c5311e-cfdc-484b-8572-45b2ee2c4790"/>
        <link href="/reportData/results?reportContentKey=YMRFUFUEQUFLUGT77DLSBMK7QIWHA75P" method="POST" rel="requery" responseType="application/vnd.sas.report.results" type="application/vnd.sas.report.query.state" uri="/reportData/results?reportContentKey=YMRFUFUEQUFLUGT77DLSBMK7QIWHA75P"/>
        <link href="/reportData/jobs?reportContentKey=YMRFUFUEQUFLUGT77DLSBMK7QIWHA75P" method="POST" rel="requeryJob" responseType="application/vnd.sas.report.data.job" type="application/vnd.sas.report.query.state" uri="/reportData/jobs?reportContentKey=YMRFUFUEQUFLUGT77DLSBMK7QIWHA75P"/>
    </links>
    <locale>en-US</locale>
    <modifiedTimeStamp>2025-09-02T11:16:33Z</modifiedTimeStamp>
    <size>306006</size>
    <source>JSON:/reports/reports/1242f3aa-3d11-4697-a55e-8e0b0077274e</source>
    <version>58</version>
</reportPackage>
